Candidate,Party
https://qqoywnidyqyoqjalvcpu.supabase.co/storage/v1/object/sign/election-bucket/candidates/Image-1.jpg?token=eyJraWQiOiJzdG9yYWdlLXVybC1zaWduaW5nLWtleV81MmNlZmY0Mi1iZjdkLTQzMDMtOTA0Ny01MjQwYThjMDJmNDgiLCJhbGciOiJIUzI1NiJ9.eyJ1cmwiOiJlbGVjdGlvbi1idWNrZXQvY2FuZGlkYXRlcy9JbWFnZS0xLmpwZyIsImlhdCI6MTc3NDY0NTU3OCwiZXhwIjoxODA2MTgxNTc4fQ.zblYs4LRDPVkhEGVua_o_x81xvevSNcWFNgW1VLJq6E,https://qqoywnidyqyoqjalvcpu.supabase.co/storage/v1/object/sign/election-bucket/parties/Aura%20Icon.png?token=eyJraWQiOiJzdG9yYWdlLXVybC1zaWduaW5nLWtleV81MmNlZmY0Mi1iZjdkLTQzMDMtOTA0Ny01MjQwYThjMDJmNDgiLCJhbGciOiJIUzI1NiJ9.eyJ1cmwiOiJlbGVjdGlvbi1idWNrZXQvcGFydGllcy9BdXJhIEljb24ucG5nIiwiaWF0IjoxNzc0NjQ2MTE5LCJleHAiOjE4MDYxODIxMTl9.jhNjTdYMBOuDWHivIHApicup_Z0P8Bub-CXTK1-GIBI
https://qqoywnidyqyoqjalvcpu.supabase.co/storage/v1/object/sign/election-bucket/candidates/Image-10.jpg?token=eyJraWQiOiJzdG9yYWdlLXVybC1zaWduaW5nLWtleV81MmNlZmY0Mi1iZjdkLTQzMDMtOTA0Ny01MjQwYThjMDJmNDgiLCJhbGciOiJIUzI1NiJ9.eyJ1cmwiOiJlbGVjdGlvbi1idWNrZXQvY2FuZGlkYXRlcy9JbWFnZS0xMC5qcGciLCJpYXQiOjE3NzQ2NDU2MzQsImV4cCI6MTgwNjE4MTYzNH0.eHAtlfGGpGNYc9AQuq8gxljIwvw7bQurmocpxx65OY0,https://qqoywnidyqyoqjalvcpu.supabase.co/storage/v1/object/sign/election-bucket/parties/Bamboo%20Icon.png?token=eyJraWQiOiJzdG9yYWdlLXVybC1zaWduaW5nLWtleV81MmNlZmY0Mi1iZjdkLTQzMDMtOTA0Ny01MjQwYThjMDJmNDgiLCJhbGciOiJIUzI1NiJ9.eyJ1cmwiOiJlbGVjdGlvbi1idWNrZXQvcGFydGllcy9CYW1ib28gSWNvbi5wbmciLCJpYXQiOjE3NzQ2NDYxMjYsImV4cCI6MTgwNjE4MjEyNn0.MGe4RTAJu86JosF3om939TzqqQEaUt0HLC9OkWVPyTc
https://qqoywnidyqyoqjalvcpu.supabase.co/storage/v1/object/sign/election-bucket/candidates/Image-11.jpg?token=eyJraWQiOiJzdG9yYWdlLXVybC1zaWduaW5nLWtleV81MmNlZmY0Mi1iZjdkLTQzMDMtOTA0Ny01MjQwYThjMDJmNDgiLCJhbGciOiJIUzI1NiJ9.eyJ1cmwiOiJlbGVjdGlvbi1idWNrZXQvY2FuZGlkYXRlcy9JbWFnZS0xMS5qcGciLCJpYXQiOjE3NzQ2NDU2NDEsImV4cCI6MTgwNjE4MTY0MX0.05JPSheVvhC43Aa8WxS_v9mmrwgfyPCdd1l-vHcYiEc,https://qqoywnidyqyoqjalvcpu.supabase.co/storage/v1/object/sign/election-bucket/parties/Bookstore%20Icon.png?token=eyJraWQiOiJzdG9yYWdlLXVybC1zaWduaW5nLWtleV81MmNlZmY0Mi1iZjdkLTQzMDMtOTA0Ny01MjQwYThjMDJmNDgiLCJhbGciOiJIUzI1NiJ9.eyJ1cmwiOiJlbGVjdGlvbi1idWNrZXQvcGFydGllcy9Cb29rc3RvcmUgSWNvbi5wbmciLCJpYXQiOjE3NzQ2NDYxMzIsImV4cCI6MTgwNjE4MjEzMn0._NLIBNI_D2XiAeUWWQuauWqG8iV4kMIeq1KVS0AulG0
https://qqoywnidyqyoqjalvcpu.supabase.co/storage/v1/object/sign/election-bucket/candidates/Image-12.jpg?token=eyJraWQiOiJzdG9yYWdlLXVybC1zaWduaW5nLWtleV81MmNlZmY0Mi1iZjdkLTQzMDMtOTA0Ny01MjQwYThjMDJmNDgiLCJhbGciOiJIUzI1NiJ9.eyJ1cmwiOiJlbGVjdGlvbi1idWNrZXQvY2FuZGlkYXRlcy9JbWFnZS0xMi5qcGciLCJpYXQiOjE3NzQ2NDU2NDgsImV4cCI6MTgwNjE4MTY0OH0.EXzSCaFQt74KNM2fLwHUpcYPZT-_2XfYW4hilTW9-VU,https://qqoywnidyqyoqjalvcpu.supabase.co/storage/v1/object/sign/election-bucket/parties/Crona%20Icon.png?token=eyJraWQiOiJzdG9yYWdlLXVybC1zaWduaW5nLWtleV81MmNlZmY0Mi1iZjdkLTQzMDMtOTA0Ny01MjQwYThjMDJmNDgiLCJhbGciOiJIUzI1NiJ9.eyJ1cmwiOiJlbGVjdGlvbi1idWNrZXQvcGFydGllcy9Dcm9uYSBJY29uLnBuZyIsImlhdCI6MTc3NDY0NjEzOSwiZXhwIjoxODA2MTgyMTM5fQ.MCrbvueB-Xo8Dm4n8xjOngliectwMf6OGPPMWvYSkX0
https://qqoywnidyqyoqjalvcpu.supabase.co/storage/v1/object/sign/election-bucket/candidates/Image-13.jpg?token=eyJraWQiOiJzdG9yYWdlLXVybC1zaWduaW5nLWtleV81MmNlZmY0Mi1iZjdkLTQzMDMtOTA0Ny01MjQwYThjMDJmNDgiLCJhbGciOiJIUzI1NiJ9.eyJ1cmwiOiJlbGVjdGlvbi1idWNrZXQvY2FuZGlkYXRlcy9JbWFnZS0xMy5qcGciLCJpYXQiOjE3NzQ2NDU2NTQsImV4cCI6MTgwNjE4MTY1NH0.JSAGzrqoBpL3H3gd1ClDZF6DQM0rJt8blfpoCmPaYp4,https://qqoywnidyqyoqjalvcpu.supabase.co/storage/v1/object/sign/election-bucket/parties/Digice%20Icon.png?token=eyJraWQiOiJzdG9yYWdlLXVybC1zaWduaW5nLWtleV81MmNlZmY0Mi1iZjdkLTQzMDMtOTA0Ny01MjQwYThjMDJmNDgiLCJhbGciOiJIUzI1NiJ9.eyJ1cmwiOiJlbGVjdGlvbi1idWNrZXQvcGFydGllcy9EaWdpY2UgSWNvbi5wbmciLCJpYXQiOjE3NzQ2NDYxNDUsImV4cCI6MTgwNjE4MjE0NX0.ximyrwzPAd6vp1npuK1Jr9hvUz322HBqAg4ZWh-LGZ4
https://qqoywnidyqyoqjalvcpu.supabase.co/storage/v1/object/sign/election-bucket/candidates/Image-13.jpg?token=eyJraWQiOiJzdG9yYWdlLXVybC1zaWduaW5nLWtleV81MmNlZmY0Mi1iZjdkLTQzMDMtOTA0Ny01MjQwYThjMDJmNDgiLCJhbGciOiJIUzI1NiJ9.eyJ1cmwiOiJlbGVjdGlvbi1idWNrZXQvY2FuZGlkYXRlcy9JbWFnZS0xMy5qcGciLCJpYXQiOjE3NzQ2NDU2NjIsImV4cCI6MTgwNjE4MTY2Mn0.Bn8LCfGq1-XQDEkE2yhtl27-k9kx4FGkOx6iJrbocDY,https://qqoywnidyqyoqjalvcpu.supabase.co/storage/v1/object/sign/election-bucket/parties/Flikbox%20Icon.png?token=eyJraWQiOiJzdG9yYWdlLXVybC1zaWduaW5nLWtleV81MmNlZmY0Mi1iZjdkLTQzMDMtOTA0Ny01MjQwYThjMDJmNDgiLCJhbGciOiJIUzI1NiJ9.eyJ1cmwiOiJlbGVjdGlvbi1idWNrZXQvcGFydGllcy9GbGlrYm94IEljb24ucG5nIiwiaWF0IjoxNzc0NjQ2MTQ5LCJleHAiOjE4MDYxODIxNDl9.qKuuWwjzHLq9Y04M1sYWbZMq7MnvYPZtTCuekiaZsHs
https://qqoywnidyqyoqjalvcpu.supabase.co/storage/v1/object/sign/election-bucket/candidates/Image-14.jpg?token=eyJraWQiOiJzdG9yYWdlLXVybC1zaWduaW5nLWtleV81MmNlZmY0Mi1iZjdkLTQzMDMtOTA0Ny01MjQwYThjMDJmNDgiLCJhbGciOiJIUzI1NiJ9.eyJ1cmwiOiJlbGVjdGlvbi1idWNrZXQvY2FuZGlkYXRlcy9JbWFnZS0xNC5qcGciLCJpYXQiOjE3NzQ2NDU2NjgsImV4cCI6MTgwNjE4MTY2OH0.1TkOXginL2aJxH44-vQRwA9UZ1bPPtis3QT6WIdx03w,https://qqoywnidyqyoqjalvcpu.supabase.co/storage/v1/object/sign/election-bucket/parties/Gigs%20Icon.png?token=eyJraWQiOiJzdG9yYWdlLXVybC1zaWduaW5nLWtleV81MmNlZmY0Mi1iZjdkLTQzMDMtOTA0Ny01MjQwYThjMDJmNDgiLCJhbGciOiJIUzI1NiJ9.eyJ1cmwiOiJlbGVjdGlvbi1idWNrZXQvcGFydGllcy9HaWdzIEljb24ucG5nIiwiaWF0IjoxNzc0NjQ2MTU0LCJleHAiOjE4MDYxODIxNTR9.rykVQv2Uj9LKKUY8fOIvEBlZUu2YTccFFuzyTYl5GYo
https://qqoywnidyqyoqjalvcpu.supabase.co/storage/v1/object/sign/election-bucket/candidates/Image-15.jpg?token=eyJraWQiOiJzdG9yYWdlLXVybC1zaWduaW5nLWtleV81MmNlZmY0Mi1iZjdkLTQzMDMtOTA0Ny01MjQwYThjMDJmNDgiLCJhbGciOiJIUzI1NiJ9.eyJ1cmwiOiJlbGVjdGlvbi1idWNrZXQvY2FuZGlkYXRlcy9JbWFnZS0xNS5qcGciLCJpYXQiOjE3NzQ2NDU2NzMsImV4cCI6MTgwNjE4MTY3M30.obiBHWRREmPiniA4yX1iNUmz0w2mRC8Zl2UEaWqxIIE,https://qqoywnidyqyoqjalvcpu.supabase.co/storage/v1/object/sign/election-bucket/parties/Heline%20Icon.png?token=eyJraWQiOiJzdG9yYWdlLXVybC1zaWduaW5nLWtleV81MmNlZmY0Mi1iZjdkLTQzMDMtOTA0Ny01MjQwYThjMDJmNDgiLCJhbGciOiJIUzI1NiJ9.eyJ1cmwiOiJlbGVjdGlvbi1idWNrZXQvcGFydGllcy9IZWxpbmUgSWNvbi5wbmciLCJpYXQiOjE3NzQ2NDYxNzQsImV4cCI6MTgwNjE4MjE3NH0.gqGr3xKU0zBSyeyZbefYH5XPNuG34yEfxAWNCXT3Ezs
https://qqoywnidyqyoqjalvcpu.supabase.co/storage/v1/object/sign/election-bucket/candidates/Image-16.jpg?token=eyJraWQiOiJzdG9yYWdlLXVybC1zaWduaW5nLWtleV81MmNlZmY0Mi1iZjdkLTQzMDMtOTA0Ny01MjQwYThjMDJmNDgiLCJhbGciOiJIUzI1NiJ9.eyJ1cmwiOiJlbGVjdGlvbi1idWNrZXQvY2FuZGlkYXRlcy9JbWFnZS0xNi5qcGciLCJpYXQiOjE3NzQ2NDU2ODEsImV4cCI6MTgwNjE4MTY4MX0.r8B0lwhDKhgyW89Kr44EL0clAy5fzTh9L2hW5YHDyo0,https://qqoywnidyqyoqjalvcpu.supabase.co/storage/v1/object/sign/election-bucket/parties/Logic%20Icon.png?token=eyJraWQiOiJzdG9yYWdlLXVybC1zaWduaW5nLWtleV81MmNlZmY0Mi1iZjdkLTQzMDMtOTA0Ny01MjQwYThjMDJmNDgiLCJhbGciOiJIUzI1NiJ9.eyJ1cmwiOiJlbGVjdGlvbi1idWNrZXQvcGFydGllcy9Mb2dpYyBJY29uLnBuZyIsImlhdCI6MTc3NDY0NjE3OSwiZXhwIjoxODA2MTgyMTc5fQ.XXP8HGmmNsI3rRMiebO6v8hNsQHL2HfttXx9Pwcl2C4
https://qqoywnidyqyoqjalvcpu.supabase.co/storage/v1/object/sign/election-bucket/candidates/Image-17.jpg?token=eyJraWQiOiJzdG9yYWdlLXVybC1zaWduaW5nLWtleV81MmNlZmY0Mi1iZjdkLTQzMDMtOTA0Ny01MjQwYThjMDJmNDgiLCJhbGciOiJIUzI1NiJ9.eyJ1cmwiOiJlbGVjdGlvbi1idWNrZXQvY2FuZGlkYXRlcy9JbWFnZS0xNy5qcGciLCJpYXQiOjE3NzQ2NDU2ODYsImV4cCI6MTgwNjE4MTY4Nn0.5tzwonlgC25d4N3yic30qjcgUWx7HzNUyPwWHIew0mg,https://qqoywnidyqyoqjalvcpu.supabase.co/storage/v1/object/sign/election-bucket/parties/Logic%20Icon.png?token=eyJraWQiOiJzdG9yYWdlLXVybC1zaWduaW5nLWtleV81MmNlZmY0Mi1iZjdkLTQzMDMtOTA0Ny01MjQwYThjMDJmNDgiLCJhbGciOiJIUzI1NiJ9.eyJ1cmwiOiJlbGVjdGlvbi1idWNrZXQvcGFydGllcy9Mb2dpYyBJY29uLnBuZyIsImlhdCI6MTc3NDY0NjE4NSwiZXhwIjoxODA2MTgyMTg1fQ.499KxtpZw2-hALpr9ayg51QKt1AHYPtDNPIK2jQ2BHY
https://qqoywnidyqyoqjalvcpu.supabase.co/storage/v1/object/sign/election-bucket/candidates/Image-18.jpg?token=eyJraWQiOiJzdG9yYWdlLXVybC1zaWduaW5nLWtleV81MmNlZmY0Mi1iZjdkLTQzMDMtOTA0Ny01MjQwYThjMDJmNDgiLCJhbGciOiJIUzI1NiJ9.eyJ1cmwiOiJlbGVjdGlvbi1idWNrZXQvY2FuZGlkYXRlcy9JbWFnZS0xOC5qcGciLCJpYXQiOjE3NzQ2NDU2OTIsImV4cCI6MTgwNjE4MTY5Mn0.3MpPKsR4nSNQvs-tGOks9JjPy93nDQaK0XKMyrDU8Tk,https://qqoywnidyqyoqjalvcpu.supabase.co/storage/v1/object/sign/election-bucket/parties/Mercury%20Icon.png?token=eyJraWQiOiJzdG9yYWdlLXVybC1zaWduaW5nLWtleV81MmNlZmY0Mi1iZjdkLTQzMDMtOTA0Ny01MjQwYThjMDJmNDgiLCJhbGciOiJIUzI1NiJ9.eyJ1cmwiOiJlbGVjdGlvbi1idWNrZXQvcGFydGllcy9NZXJjdXJ5IEljb24ucG5nIiwiaWF0IjoxNzc0NjQ2MTkyLCJleHAiOjE4MDYxODIxOTJ9.-kru6IJSPqRjgDHqSfQYWi2uDXP25-j0qkOuIFV2iac
https://qqoywnidyqyoqjalvcpu.supabase.co/storage/v1/object/sign/election-bucket/candidates/Image-19.jpg?token=eyJraWQiOiJzdG9yYWdlLXVybC1zaWduaW5nLWtleV81MmNlZmY0Mi1iZjdkLTQzMDMtOTA0Ny01MjQwYThjMDJmNDgiLCJhbGciOiJIUzI1NiJ9.eyJ1cmwiOiJlbGVjdGlvbi1idWNrZXQvY2FuZGlkYXRlcy9JbWFnZS0xOS5qcGciLCJpYXQiOjE3NzQ2NDU2OTcsImV4cCI6MTgwNjE4MTY5N30._PEawDtY1ygOzb4e_1NMk0S_s8Jtj-MySnKihm7eKZY,https://qqoywnidyqyoqjalvcpu.supabase.co/storage/v1/object/sign/election-bucket/parties/Monarch%20Icon.png?token=eyJraWQiOiJzdG9yYWdlLXVybC1zaWduaW5nLWtleV81MmNlZmY0Mi1iZjdkLTQzMDMtOTA0Ny01MjQwYThjMDJmNDgiLCJhbGciOiJIUzI1NiJ9.eyJ1cmwiOiJlbGVjdGlvbi1idWNrZXQvcGFydGllcy9Nb25hcmNoIEljb24ucG5nIiwiaWF0IjoxNzc0NjQ2MTk5LCJleHAiOjE4MDYxODIxOTl9.eNVuzlmdwbBUOeBJuI5qIm6ClMJaxXVXMD_hdU5kc_Q
https://qqoywnidyqyoqjalvcpu.supabase.co/storage/v1/object/sign/election-bucket/candidates/Image-2.jpg?token=eyJraWQiOiJzdG9yYWdlLXVybC1zaWduaW5nLWtleV81MmNlZmY0Mi1iZjdkLTQzMDMtOTA0Ny01MjQwYThjMDJmNDgiLCJhbGciOiJIUzI1NiJ9.eyJ1cmwiOiJlbGVjdGlvbi1idWNrZXQvY2FuZGlkYXRlcy9JbWFnZS0yLmpwZyIsImlhdCI6MTc3NDY0NTcwNCwiZXhwIjoxODA2MTgxNzA0fQ.ODW43ksHN0IeDEsDdNLPzkm3_jSTtXqXh5aKQS2Qceo,https://qqoywnidyqyoqjalvcpu.supabase.co/storage/v1/object/sign/election-bucket/parties/Nutrican%20Icon.png?token=eyJraWQiOiJzdG9yYWdlLXVybC1zaWduaW5nLWtleV81MmNlZmY0Mi1iZjdkLTQzMDMtOTA0Ny01MjQwYThjMDJmNDgiLCJhbGciOiJIUzI1NiJ9.eyJ1cmwiOiJlbGVjdGlvbi1idWNrZXQvcGFydGllcy9OdXRyaWNhbiBJY29uLnBuZyIsImlhdCI6MTc3NDY0NjIxMywiZXhwIjoxODA2MTgyMjEzfQ.II2kxYzXjK1FZnkX3cpHpeYg5se9iI46viG45i_boIk
https://qqoywnidyqyoqjalvcpu.supabase.co/storage/v1/object/sign/election-bucket/candidates/Image-20.jpg?token=eyJraWQiOiJzdG9yYWdlLXVybC1zaWduaW5nLWtleV81MmNlZmY0Mi1iZjdkLTQzMDMtOTA0Ny01MjQwYThjMDJmNDgiLCJhbGciOiJIUzI1NiJ9.eyJ1cmwiOiJlbGVjdGlvbi1idWNrZXQvY2FuZGlkYXRlcy9JbWFnZS0yMC5qcGciLCJpYXQiOjE3NzQ2NDU3MDksImV4cCI6MTgwNjE4MTcwOX0.zyuKU6gcBqGOqqLkTqH05iwe9fHfOwG9yv9LWW-hL04,https://qqoywnidyqyoqjalvcpu.supabase.co/storage/v1/object/sign/election-bucket/parties/Orbit%20Icon.png?token=eyJraWQiOiJzdG9yYWdlLXVybC1zaWduaW5nLWtleV81MmNlZmY0Mi1iZjdkLTQzMDMtOTA0Ny01MjQwYThjMDJmNDgiLCJhbGciOiJIUzI1NiJ9.eyJ1cmwiOiJlbGVjdGlvbi1idWNrZXQvcGFydGllcy9PcmJpdCBJY29uLnBuZyIsImlhdCI6MTc3NDY0NjIyOCwiZXhwIjoxODA2MTgyMjI4fQ.MQNZCc8tku2lumZKT_xueYv811cDVnoa83ZeGrjGVbc
https://qqoywnidyqyoqjalvcpu.supabase.co/storage/v1/object/sign/election-bucket/candidates/Image-21.jpg?token=eyJraWQiOiJzdG9yYWdlLXVybC1zaWduaW5nLWtleV81MmNlZmY0Mi1iZjdkLTQzMDMtOTA0Ny01MjQwYThjMDJmNDgiLCJhbGciOiJIUzI1NiJ9.eyJ1cmwiOiJlbGVjdGlvbi1idWNrZXQvY2FuZGlkYXRlcy9JbWFnZS0yMS5qcGciLCJpYXQiOjE3NzQ2NDU3MTksImV4cCI6MTgwNjE4MTcxOX0.SZQgAUnGycJ3uNteKASMqC5PK1iI5Yg9JdBxXGeUFvE,https://qqoywnidyqyoqjalvcpu.supabase.co/storage/v1/object/sign/election-bucket/parties/Orbit%20Icon.png?token=eyJraWQiOiJzdG9yYWdlLXVybC1zaWduaW5nLWtleV81MmNlZmY0Mi1iZjdkLTQzMDMtOTA0Ny01MjQwYThjMDJmNDgiLCJhbGciOiJIUzI1NiJ9.eyJ1cmwiOiJlbGVjdGlvbi1idWNrZXQvcGFydGllcy9PcmJpdCBJY29uLnBuZyIsImlhdCI6MTc3NDY0NjIzMywiZXhwIjoxODA2MTgyMjMzfQ.7Xl1-2jbpKpPEK6hUhCyHbVTTCP1d5p66ASVI7mJ7zY
https://qqoywnidyqyoqjalvcpu.supabase.co/storage/v1/object/sign/election-bucket/candidates/Image-21.jpg?token=eyJraWQiOiJzdG9yYWdlLXVybC1zaWduaW5nLWtleV81MmNlZmY0Mi1iZjdkLTQzMDMtOTA0Ny01MjQwYThjMDJmNDgiLCJhbGciOiJIUzI1NiJ9.eyJ1cmwiOiJlbGVjdGlvbi1idWNrZXQvY2FuZGlkYXRlcy9JbWFnZS0yMS5qcGciLCJpYXQiOjE3NzQ2NDU3MjUsImV4cCI6MTgwNjE4MTcyNX0.JJrTzaU9iGcyON8KkbU0OhZBRJvX6x_jv1uBxYPY5po,https://qqoywnidyqyoqjalvcpu.supabase.co/storage/v1/object/sign/election-bucket/parties/Orbit%20Icon.png?token=eyJraWQiOiJzdG9yYWdlLXVybC1zaWduaW5nLWtleV81MmNlZmY0Mi1iZjdkLTQzMDMtOTA0Ny01MjQwYThjMDJmNDgiLCJhbGciOiJIUzI1NiJ9.eyJ1cmwiOiJlbGVjdGlvbi1idWNrZXQvcGFydGllcy9PcmJpdCBJY29uLnBuZyIsImlhdCI6MTc3NDY0NjIzOCwiZXhwIjoxODA2MTgyMjM4fQ.TrM-6g99zPypTj3_PIgbUxUUBKaag67fT0aRDdipFHY
https://qqoywnidyqyoqjalvcpu.supabase.co/storage/v1/object/sign/election-bucket/candidates/Image-22.jpg?token=eyJraWQiOiJzdG9yYWdlLXVybC1zaWduaW5nLWtleV81MmNlZmY0Mi1iZjdkLTQzMDMtOTA0Ny01MjQwYThjMDJmNDgiLCJhbGciOiJIUzI1NiJ9.eyJ1cmwiOiJlbGVjdGlvbi1idWNrZXQvY2FuZGlkYXRlcy9JbWFnZS0yMi5qcGciLCJpYXQiOjE3NzQ2NDU3MzAsImV4cCI6MTgwNjE4MTczMH0.DRUOl9bWPMI8KRa2vErsO-DWXJzsuChtl6zfiWnetFY,
https://qqoywnidyqyoqjalvcpu.supabase.co/storage/v1/object/sign/election-bucket/candidates/Image-23.jpg?token=eyJraWQiOiJzdG9yYWdlLXVybC1zaWduaW5nLWtleV81MmNlZmY0Mi1iZjdkLTQzMDMtOTA0Ny01MjQwYThjMDJmNDgiLCJhbGciOiJIUzI1NiJ9.eyJ1cmwiOiJlbGVjdGlvbi1idWNrZXQvY2FuZGlkYXRlcy9JbWFnZS0yMy5qcGciLCJpYXQiOjE3NzQ2NDU3MzUsImV4cCI6MTgwNjE4MTczNX0.rxyIlyTOHYQ9BitoIFrEHzNzjS3ERis2oqWlrP7Wsm8,
https://qqoywnidyqyoqjalvcpu.supabase.co/storage/v1/object/sign/election-bucket/candidates/Image-24.jpg?token=eyJraWQiOiJzdG9yYWdlLXVybC1zaWduaW5nLWtleV81MmNlZmY0Mi1iZjdkLTQzMDMtOTA0Ny01MjQwYThjMDJmNDgiLCJhbGciOiJIUzI1NiJ9.eyJ1cmwiOiJlbGVjdGlvbi1idWNrZXQvY2FuZGlkYXRlcy9JbWFnZS0yNC5qcGciLCJpYXQiOjE3NzQ2NDU3NDAsImV4cCI6MTgwNjE4MTc0MH0.VtswkuSSdfOwTcusbFhhdMumTBzwnsCR29AlqLoalrs,
https://qqoywnidyqyoqjalvcpu.supabase.co/storage/v1/object/sign/election-bucket/candidates/Image-25.jpg?token=eyJraWQiOiJzdG9yYWdlLXVybC1zaWduaW5nLWtleV81MmNlZmY0Mi1iZjdkLTQzMDMtOTA0Ny01MjQwYThjMDJmNDgiLCJhbGciOiJIUzI1NiJ9.eyJ1cmwiOiJlbGVjdGlvbi1idWNrZXQvY2FuZGlkYXRlcy9JbWFnZS0yNS5qcGciLCJpYXQiOjE3NzQ2NDU3NzEsImV4cCI6MTgwNjE4MTc3MX0.imw_un6_Okn9OhM7niY-pIatbh72t57EnMWREnZVTaY,
https://qqoywnidyqyoqjalvcpu.supabase.co/storage/v1/object/sign/election-bucket/candidates/Image-26.jpg?token=eyJraWQiOiJzdG9yYWdlLXVybC1zaWduaW5nLWtleV81MmNlZmY0Mi1iZjdkLTQzMDMtOTA0Ny01MjQwYThjMDJmNDgiLCJhbGciOiJIUzI1NiJ9.eyJ1cmwiOiJlbGVjdGlvbi1idWNrZXQvY2FuZGlkYXRlcy9JbWFnZS0yNi5qcGciLCJpYXQiOjE3NzQ2NDU3ODAsImV4cCI6MTgwNjE4MTc4MH0.V6IGoJdkZ0GutMBLcvZgssSUGi7eqwqjLG3GnDiUiuk,
https://qqoywnidyqyoqjalvcpu.supabase.co/storage/v1/object/sign/election-bucket/candidates/Image-27.jpg?token=eyJraWQiOiJzdG9yYWdlLXVybC1zaWduaW5nLWtleV81MmNlZmY0Mi1iZjdkLTQzMDMtOTA0Ny01MjQwYThjMDJmNDgiLCJhbGciOiJIUzI1NiJ9.eyJ1cmwiOiJlbGVjdGlvbi1idWNrZXQvY2FuZGlkYXRlcy9JbWFnZS0yNy5qcGciLCJpYXQiOjE3NzQ2NDU3ODksImV4cCI6MTgwNjE4MTc4OX0.9mE3bDKda-6CxxDGpDI3k3S1dAucddB-QOmizoMfT8E,
https://qqoywnidyqyoqjalvcpu.supabase.co/storage/v1/object/sign/election-bucket/candidates/Image-28.jpg?token=eyJraWQiOiJzdG9yYWdlLXVybC1zaWduaW5nLWtleV81MmNlZmY0Mi1iZjdkLTQzMDMtOTA0Ny01MjQwYThjMDJmNDgiLCJhbGciOiJIUzI1NiJ9.eyJ1cmwiOiJlbGVjdGlvbi1idWNrZXQvY2FuZGlkYXRlcy9JbWFnZS0yOC5qcGciLCJpYXQiOjE3NzQ2NDU3OTUsImV4cCI6MTgwNjE4MTc5NX0.1W765pMhJu7kMcOuyPMSbIIj4D-FXVrtpbIdhD4BsMw,
https://qqoywnidyqyoqjalvcpu.supabase.co/storage/v1/object/sign/election-bucket/candidates/Image-28.jpg?token=eyJraWQiOiJzdG9yYWdlLXVybC1zaWduaW5nLWtleV81MmNlZmY0Mi1iZjdkLTQzMDMtOTA0Ny01MjQwYThjMDJmNDgiLCJhbGciOiJIUzI1NiJ9.eyJ1cmwiOiJlbGVjdGlvbi1idWNrZXQvY2FuZGlkYXRlcy9JbWFnZS0yOC5qcGciLCJpYXQiOjE3NzQ2NDU4MzQsImV4cCI6MTgwNjE4MTgzNH0.UaUeua9l5Ru52r5Alxb31F16btToPSm76k6yb61XEt8,
https://qqoywnidyqyoqjalvcpu.supabase.co/storage/v1/object/sign/election-bucket/candidates/Image-29.jpg?token=eyJraWQiOiJzdG9yYWdlLXVybC1zaWduaW5nLWtleV81MmNlZmY0Mi1iZjdkLTQzMDMtOTA0Ny01MjQwYThjMDJmNDgiLCJhbGciOiJIUzI1NiJ9.eyJ1cmwiOiJlbGVjdGlvbi1idWNrZXQvY2FuZGlkYXRlcy9JbWFnZS0yOS5qcGciLCJpYXQiOjE3NzQ2NDU4MzksImV4cCI6MTgwNjE4MTgzOX0.3CzhXaGhFFrU2pQpZvk0OpNl4Aa7EbC9_NxvdK__neE,
https://qqoywnidyqyoqjalvcpu.supabase.co/storage/v1/object/sign/election-bucket/candidates/Image-3.jpg?token=eyJraWQiOiJzdG9yYWdlLXVybC1zaWduaW5nLWtleV81MmNlZmY0Mi1iZjdkLTQzMDMtOTA0Ny01MjQwYThjMDJmNDgiLCJhbGciOiJIUzI1NiJ9.eyJ1cmwiOiJlbGVjdGlvbi1idWNrZXQvY2FuZGlkYXRlcy9JbWFnZS0zLmpwZyIsImlhdCI6MTc3NDY0NTg1NywiZXhwIjoxODA2MTgxODU3fQ.UgMSQGO1v9_R4WQjskWdD0ZS7_SYlQ7SMw5OYrgJuWg,
https://qqoywnidyqyoqjalvcpu.supabase.co/storage/v1/object/sign/election-bucket/candidates/Image-30.jpg?token=eyJraWQiOiJzdG9yYWdlLXVybC1zaWduaW5nLWtleV81MmNlZmY0Mi1iZjdkLTQzMDMtOTA0Ny01MjQwYThjMDJmNDgiLCJhbGciOiJIUzI1NiJ9.eyJ1cmwiOiJlbGVjdGlvbi1idWNrZXQvY2FuZGlkYXRlcy9JbWFnZS0zMC5qcGciLCJpYXQiOjE3NzQ2NDU4NjIsImV4cCI6MTgwNjE4MTg2Mn0.uSYgN1ENvQYokW5h-JEJx7LWrg-9cv4wmbLvrwmqxJE,
https://qqoywnidyqyoqjalvcpu.supabase.co/storage/v1/object/sign/election-bucket/candidates/Image-30.jpg?token=eyJraWQiOiJzdG9yYWdlLXVybC1zaWduaW5nLWtleV81MmNlZmY0Mi1iZjdkLTQzMDMtOTA0Ny01MjQwYThjMDJmNDgiLCJhbGciOiJIUzI1NiJ9.eyJ1cmwiOiJlbGVjdGlvbi1idWNrZXQvY2FuZGlkYXRlcy9JbWFnZS0zMC5qcGciLCJpYXQiOjE3NzQ2NDU4NzgsImV4cCI6MTgwNjE4MTg3OH0.hClojIycAXyfBuklS7DL8mTvDiy1qWOl0Ab1sJ-XJhk,
https://qqoywnidyqyoqjalvcpu.supabase.co/storage/v1/object/sign/election-bucket/candidates/Image-31.jpg?token=eyJraWQiOiJzdG9yYWdlLXVybC1zaWduaW5nLWtleV81MmNlZmY0Mi1iZjdkLTQzMDMtOTA0Ny01MjQwYThjMDJmNDgiLCJhbGciOiJIUzI1NiJ9.eyJ1cmwiOiJlbGVjdGlvbi1idWNrZXQvY2FuZGlkYXRlcy9JbWFnZS0zMS5qcGciLCJpYXQiOjE3NzQ2NDU4ODMsImV4cCI6MTgwNjE4MTg4M30.iChnGSVdvgV6-CEl5aeTu2XcH8P1YvxVeTkPIZ_7xNU,
https://qqoywnidyqyoqjalvcpu.supabase.co/storage/v1/object/sign/election-bucket/candidates/Image-32.jpg?token=eyJraWQiOiJzdG9yYWdlLXVybC1zaWduaW5nLWtleV81MmNlZmY0Mi1iZjdkLTQzMDMtOTA0Ny01MjQwYThjMDJmNDgiLCJhbGciOiJIUzI1NiJ9.eyJ1cmwiOiJlbGVjdGlvbi1idWNrZXQvY2FuZGlkYXRlcy9JbWFnZS0zMi5qcGciLCJpYXQiOjE3NzQ2NDU4OTgsImV4cCI6MTgwNjE4MTg5OH0.aZEfJ8cC5KxXcrJxV7yvZHdJs6X1ZnTLrOQDQ72Xzo0,
https://qqoywnidyqyoqjalvcpu.supabase.co/storage/v1/object/sign/election-bucket/candidates/Image-33.jpg?token=eyJraWQiOiJzdG9yYWdlLXVybC1zaWduaW5nLWtleV81MmNlZmY0Mi1iZjdkLTQzMDMtOTA0Ny01MjQwYThjMDJmNDgiLCJhbGciOiJIUzI1NiJ9.eyJ1cmwiOiJlbGVjdGlvbi1idWNrZXQvY2FuZGlkYXRlcy9JbWFnZS0zMy5qcGciLCJpYXQiOjE3NzQ2NDU5MzEsImV4cCI6MTgwNjE4MTkzMX0.oXCzDtdvG5EKTEhVmuADvwUKMN6Pn8DayfGGfZWCwzY,
https://qqoywnidyqyoqjalvcpu.supabase.co/storage/v1/object/sign/election-bucket/candidates/Image-34.jpg?token=eyJraWQiOiJzdG9yYWdlLXVybC1zaWduaW5nLWtleV81MmNlZmY0Mi1iZjdkLTQzMDMtOTA0Ny01MjQwYThjMDJmNDgiLCJhbGciOiJIUzI1NiJ9.eyJ1cmwiOiJlbGVjdGlvbi1idWNrZXQvY2FuZGlkYXRlcy9JbWFnZS0zMy5qcGciLCJpYXQiOjE3NzQ2NDU5NDksImV4cCI6MTgwNjE4MTk0OX0.px5KBrxl45wIPwEiyIT5ag3h4bLN9l0vbo06varmjkc,https://qqoywnidyqyoqjalvcpu.supabase.co/storage/v1/object/sign/election-bucket/candidates/Image-35.jpg?token=eyJraWQiOiJzdG9yYWdlLXVybC1zaWduaW5nLWtleV81MmNlZmY0Mi1iZjdkLTQzMDMtOTA0Ny01MjQwYThjMDJmNDgiLCJhbGciOiJIUzI1NiJ9.eyJ1cmwiOiJlbGVjdGlvbi1idWNrZXQvY2FuZGlkYXRlcy9JbWFnZS0zNS5qcGciLCJpYXQiOjE3NzQ2NDU5NjAsImV4cCI6MTgwNjE4MTk2MH0.lK7KZmJVpqL2xK2sK3nK4oK5pK6qK7rK8sK9tK0uK1,https://qqoywnidyqyoqjalvcpu.supabase.co/storage/v1/object/sign/election-bucket/parties/Palmtree%20Icon.png?token=eyJraWQiOiJzdG9yYWdlLXVybC1zaWduaW5nLWtleV81MmNlZmY0Mi1iZjdkLTQzMDMtOTA0Ny01MjQwYThjMDJmNDgiLCJhbGciOiJIUzI1NiJ9.eyJ1cmwiOiJlbGVjdGlvbi9idWNrZXQvcGFydGllcy9QYWxtdHJlZSBJY29uLnBuZyIsImlhdCI6MTc3NDY0NjI1MCwiZXhwIjoxODA2MTgyMjUwfQ.K1vL2mL3nL4oL5pL6qL7rL8sL9tL0uL1vL2wL3xL4
https://qqoywnidyqyoqjalvcpu.supabase.co/storage/v1/object/sign/election-bucket/candidates/Image-36.jpg?token=eyJraWQiOiJzdG9yYWdlLXVybC1zaWduaW5nLWtleV81MmNlZmY0Mi1iZjdkLTQzMDMtOTA0Ny01MjQwYThjMDJmNDgiLCJhbGciOiJIUzI1NiJ9.eyJ1cmwiOiJlbGVjdGlvbi1idWNrZXQvY2FuZGlkYXRlcy9JbWFnZS0zNi5qcGciLCJpYXQiOjE3NzQ2NDU5NzAsImV4cCI6MTgwNjE4MTk3MH0.aB1cD2eF3gH4iJ5kL6mN7oP8qR9sTuVwXyZaBcDeFg,https://qqoywnidyqyoqjalvcpu.supabase.co/storage/v1/object/sign/election-bucket/parties/Palmtree%20Icon.png?token=eyJraWQiOiJzdG9yYWdlLXVybC1zaWduaW5nLWtleV81MmNlZmY0Mi1iZjdkLTQzMDMtOTA0Ny01MjQwYThjMDJmNDgiLCJhbGciOiJIUzI1NiJ9.eyJ1cmwiOiJlbGVjdGlvbi9idWNrZXQvcGFydGllcy9QYWxtdHJlZSBJY29uLnBuZyIsImlhdCI6MTc3NDY0NjI2MCwiZXhwIjoxODA2MTgyMjYwfQ.F5gH6iJ7kL8mN9oP0qR1sTuVwXyZaBcDeFgHiJkLmNo
https://qqoywnidyqyoqjalvcpu.supabase.co/storage/v1/object/sign/election-bucket/candidates/Image-37.jpg?token=eyJraWQiOiJzdG9yYWdlLXVybC1zaWduaW5nLWtleV81MmNlZmY0Mi1iZjdkLTQzMDMtOTA0Ny01MjQwYThjMDJmNDgiLCJhbGciOiJIUzI1NiJ9.eyJ1cmwiOiJlbGVjdGlvbi1idWNrZXQvY2FuZGlkYXRlcy9JbWFnZS0zNy5qcGciLCJpYXQiOjE3NzQ2NDU5NzUsImV4cCI6MTgwNjE4MTk3NX0.nO1pQ2rS3tU4vV5wW6xX7yY8zZ9aBbCcDdEeFfGgHh,https://qqoywnidyqyoqjalvcpu.supabase.co/storage/v1/object/sign/election-bucket/parties/Palmtree%20Icon.png?token=eyJraWQiOiJzdG9yYWdlLXVybC1zaWduaW5nLWtleV81MmNlZmY0Mi1iZjdkLTQzMDMtOTA0Ny01MjQwYThjMDJmNDgiLCJhbGciOiJIUzI1NiJ9.eyJ1cmwiOiJlbGVjdGlvbi9idWNrZXQvcGFydGllcy9QYWxtdHJlZSBJY29uLnBuZyIsImlhdCI6MTc3NDY0NjI3MCwiZXhwIjoxODA2MTgyMjcwfQ.S3tU4vV5wW6xX7yY8zZ9aBbCcDdEeFfGgHhIiJjKkLl
https://qqoywnidyqyoqjalvcpu.supabase.co/storage/v1/object/sign/election-bucket/candidates/Image-38.jpg?token=eyJraWQiOiJzdG9yYWdlLXVybC1zaWduaW5nLWtleV81MmNlZmY0Mi1iZjdkLTQzMDMtOTA0Ny01MjQwYThjMDJmNDgiLCJhbGciOiJIUzI1NiJ9.eyJ1cmwiOiJlbGVjdGlvbi1idWNrZXQvY2FuZGlkYXRlcy9JbWFnZS0zOC5qcGciLCJpYXQiOjE3NzQ2NDU5ODAsImV4cCI6MTgwNjE4MTk4MH0.uV5wW6xX7yY8zZ9aBbCcDdEeFfGgHhIiJjKkLlMmNnOo,https://qqoywnidyqyoqjalvcpu.supabase.co/storage/v1/object/sign/election-bucket/parties/Palmtree%20Icon.png?token=eyJraWQiOiJzdG9yYWdlLXVybC1zaWduaW5nLWtleV81MmNlZmY0Mi1iZjdkLTQzMDMtOTA0Ny01MjQwYThjMDJmNDgiLCJhbGciOiJIUzI1NiJ9.eyJ1cmwiOiJlbGVjdGlvbi9idWNrZXQvcGFydGllcy9QYWxtdHJlZSBJY29uLnBuZyIsImlhdCI6MTc3NDY0NjI4MCwiZXhwIjoxODA2MTgyMjgwfQ.W6xX7yY8zZ9aBbCcDdEeFfGgHhIiJjKkLlMmNnOoPpQq
https://qqoywnidyqyoqjalvcpu.supabase.co/storage/v1/object/sign/election-bucket/candidates/Image-39.jpg?token=eyJraWQiOiJzdG9yYWdlLXVybC1zaWduaW5nLWtleV81MmNlZmY0Mi1iZjdkLTQzMDMtOTA0Ny01MjQwYThjMDJmNDgiLCJhbGciOiJIUzI1NiJ9.eyJ1cmwiOiJlbGVjdGlvbi1idWNrZXQvY2FuZGlkYXRlcy9JbWFnZS0zOS5qcGciLCJpYXQiOjE3NzQ2NDU5ODUsImV4cCI6MTgwNjE4MTk4NX0.xX7yY8zZ9aBbCcDdEeFfGgHhIiJjKkLlMmNnOoPpQqRrSs,https://qqoywnidyqyoqjalvcpu.supabase.co/storage/v1/object/sign/election-bucket/parties/Palmtree%20Icon.png?token=eyJraWQiOiJzdG9yYWdlLXVybC1zaWduaW5nLWtleV81MmNlZmY0Mi1iZjdkLTQzMDMtOTA0Ny01MjQwYThjMDJmNDgiLCJhbGciOiJIUzI1NiJ9.eyJ1cmwiOiJlbGVjdGlvbi9idWNrZXQvcGFydGllcy9QYWxtdHJlZSBJY29uLnBuZyIsImlhdCI6MTc3NDY0NjI5MCwiZXhwIjoxODA2MTgyMjkwfQ.Y8zZ9aBbCcDdEeFfGgHhIiJjKkLlMmNnOoPpQqRrSstt
https://qqoywnidyqyoqjalvcpu.supabase.co/storage/v1/object/sign/election-bucket/candidates/Image-40.jpg?token=eyJraWQiOiJzdG9yYWdlLXVybC1zaWduaW5nLWtleV81MmNlZmY0Mi1iZjdkLTQzMDMtOTA0Ny01MjQwYThjMDJmNDgiLCJhbGciOiJIUzI1NiJ9.eyJ1cmwiOiJlbGVjdGlvbi1idWNrZXQvY2FuZGlkYXRlcy9JbWFnZS00MC5qcGciLCJpYXQiOjE3NzQ2NDU5OTAsImV4cCI6MTgwNjE4MTk5MH0.zZ9aBbCcDdEeFfGgHhIiJjKkLlMmNnOoPpQqRrSsttUuVv,https://qqoywnidyqyoqjalvcpu.supabase.co/storage/v1/object/sign/election-bucket/parties/Palmtree%20Icon.png?token=eyJraWQiOiJzdG9yYWdlLXVybC1zaWduaW5nLWtleV81MmNlZmY0Mi1iZjdkLTQzMDMtOTA0Ny01MjQwYThjMDJmNDgiLCJhbGciOiJIUzI1NiJ9.eyJ1cmwiOiJlbGVjdGlvbi9idWNrZXQvcGFydGllcy9QYWxtdHJlZSBJY29uLnBuZyIsImlhdCI6MTc3NDY0NjMwMCwiZXhwIjoxODA2MTgyMzAwfQ.aBbCcDdEeFfGgHhIiJjKkLlMmNnOoPpQqRrSsttUuVvWwXx
https://qqoywnidyqyoqjalvcpu.supabase.co/storage/v1/object/sign/election-bucket/candidates/Image-41.jpg?token=eyJraWQiOiJzdG9yYWdlLXVybC1zaWduaW5nLWtleV81MmNlZmY0Mi1iZjdkLTQzMDMtOTA0Ny01MjQwYThjMDJmNDgiLCJhbGciOiJIUzI1NiJ9.eyJ1cmwiOiJlbGVjdGlvbi1idWNrZXQvY2FuZGlkYXRlcy9JbWFnZS00MS5qcGciLCJpYXQiOjE3NzQ2NDU5OTUsImV4cCI6MTgwNjE4MTk5NX0.BbCcDdEeFfGgHhIiJjKkLlMmNnOoPpQqRrSsttUuVvWwXxYyZz,https://qqoywnidyqyoqjalvcpu.supabase.co/storage/v1/object/sign/election-bucket/parties/Palmtree%20Icon.png?token=eyJraWQiOiJzdG9yYWdlLXVybC1zaWduaW5nLWtleV81MmNlZmY0Mi1iZjdkLTQzMDMtOTA0Ny01MjQwYThjMDJmNDgiLCJhbGciOiJIUzI1NiJ9.eyJ1cmwiOiJlbGVjdGlvbi9idWNrZXQvcGFydGllcy9QYWxtdHJlZSBJY29uLnBuZyIsImlhdCI6MTc3NDY0NjMxMCwiZXhwIjoxODA2MTgyMzEwfQ.CcDdEeFfGgHhIiJjKkLlMmNnOoPpQqRrSsttUuVvWwXxYyZzAa
https://qqoywnidyqyoqjalvcpu.supabase.co/storage/v1/object/sign/election-bucket/candidates/Image-42.jpg?token=eyJraWQiOiJzdG9yYWdlLXVybC1zaWduaW5nLWtleV81MmNlZmY0Mi1iZjdkLTQzMDMtOTA0Ny01MjQwYThjMDJmNDgiLCJhbGciOiJIUzI1NiJ9.eyJ1cmwiOiJlbGVjdGlvbi1idWNrZXQvY2FuZGlkYXRlcy9JbWFnZS00Mi5qcGciLCJpYXQiOjE3NzQ2NDYwMDAsImV4cCI6MTgwNjE4MjAwMH0.DdEeFfGgHhIiJjKkLlMmNnOoPpQqRrSsttUuVvWwXxYyZzAaBb,https://qqoywnidyqyoqjalvcpu.supabase.co/storage/v1/object/sign/election-bucket/parties/Palmtree%20Icon.png?token=eyJraWQiOiJzdG9yYWdlLXVybC1zaWduaW5nLWtleV81MmNlZmY0Mi1iZjdkLTQzMDMtOTA0Ny01MjQwYThjMDJmNDgiLCJhbGciOiJIUzI1NiJ9.eyJ1cmwiOiJlbGVjdGlvbi9idWNrZXQvcGFydGllcy9QYWxtdHJlZSBJY29uLnBuZyIsImlhdCI6MTc3NDY0NjMyMCwiZXhwIjoxODA2MTgyMzIwfQ.EeFfGgHhIiJjKkLlMmNnOoPpQqRrSsttUuVvWwXxYyZzAaBbCc
https://qqoywnidyqyoqjalvcpu.supabase.co/storage/v1/object/sign/election-bucket/candidates/Image-43.jpg?token=eyJraWQiOiJzdG9yYWdlLXVybC1zaWduaW5nLWtleV81MmNlZmY0Mi1iZjdkLTQzMDMtOTA0Ny01MjQwYThjMDJmNDgiLCJhbGciOiJIUzI1NiJ9.eyJ1cmwiOiJlbGVjdGlvbi1idWNrZXQvY2FuZGlkYXRlcy9JbWFnZS00My5qcGciLCJpYXQiOjE3NzQ2NDYwMDUsImV4cCI6MTgwNjE4MjAwNX0.FfGgHhIiJjKkLlMmNnOoPpQqRrSsttUuVvWwXxYyZzAaBbCcDd,https://qqoywnidyqyoqjalvcpu.supabase.co/storage/v1/object/sign/election-bucket/parties/Palmtree%20Icon.png?token=eyJraWQiOiJzdG9yYWdlLXVybC1zaWduaW5nLWtleV81MmNlZmY0Mi1iZjdkLTQzMDMtOTA0Ny01MjQwYThjMDJmNDgiLCJhbGciOiJIUzI1NiJ9.eyJ1cmwiOiJlbGVjdGlvbi9idWNrZXQvcGFydGllcy9QYWxtdHJlZSBJY29uLnBuZyIsImlhdCI6MTc3NDY0NjMzMCwiZXhwIjoxODA2MTgyMzMwfQ.GgHhIiJjKkLlMmNnOoPpQqRrSsttUuVvWwXxYyZzAaBbCcDdEe
